,brand,store,sido,gungu,address,phone
0,gold,원주점,강원도,원주시,"강원 원주시 태장동 778-28 1층",070-8837-7794
1,gold,천안점,경기도,평택시,"경기 평택시 비전5로 20-31 (비전동, 탑1빌딩) 2층 201호",031-658-6969
2,gold,평택안성점,경기도,평택시,경기 평택시 비전5로 20-31 (비전동, 탑1빌딩) 2층 201호,031-658-6969
3,gold,용인동백점,경기도,용인시,경기 용인시 기흥구 동백중앙로 225-6 (중동, 쥬네브스타월드빌딩) 가동 1층 125호,031-679-0043
4,gold,안산시흥점,경기도,안산시,경기 안산시 단원구 고잔동 530-3 1층 121호,031-413-2295
5,gold,평촌범계점,경기도,안양시,"경기 안양시 동안구 시민대로 187 (안양건설타워) 1층 104호, 1층",031-382-5070
6,gold,분당점,경기도,성남시,경기 성남시 분당구 서현동 265-6 태성빌딩,070-4400-2440
7,gold,대구점,대구광역시,수성구,대구 수성구 범어동 775-71 1층 상가 (우방궁전맨션 맞은편 대백마트),053-759-1919
8,gold,대전점,대전광역시,서구,대전 서구 둔산동 1009 우정빌딩 1층,042-485-8255
9,gold,목동점,서울특별시,양천구,서울 양천구 목동 406-35 3층,02-2062-1838
10,gold,종로본점,서울특별시,종로구,서울 종로구 묘동 82-3,02-766-9223
11,gold,압구정점,서울특별시,강남구,서울 강남구 신사동 566-14 ,15 501호,02-6497-3185
12,gold,종로본점점,서울특별시,종로구,서울 종로구 묘동 35-1 금사랑빌딩 2층 201호,02-766-9222